Custom Label (SKU),Title,Price,Quantity,Condition
ME5-001-N,Tropius Normal,,1,3000
ME5-001-RH,Tropius Reverse Holo,,1,3000
ME5-002-N,Grubbin Normal,,1,3000
ME5-002-RH,Grubbin Reverse Holo,,1,3000
ME5-003-N,Fomantis Normal,,1,3000
ME5-003-RH,Fomantis Reverse Holo,,1,3000
ME5-004-H,Lurantis ex Holo,,1,3000
ME5-005-N,Poltchageist Normal,,1,3000
ME5-005-RH,Poltchageist Reverse Holo,,1,3000
ME5-006-N,Sinistcha Normal,,1,3000
ME5-006-RH,Sinistcha Reverse Holo,,1,3000
ME5-007-N,Heatran Normal,,1,3000
ME5-007-RH,Heatran Reverse Holo,,1,3000
ME5-008-H,Mega Delphox ex Holo,,1,3000
ME5-009-N,Sizzlipede Normal,,1,3000
ME5-009-RH,Sizzlipede Reverse Holo,,1,3000
ME5-010-N,Centiskorch Normal,,1,3000
ME5-010-RH,Centiskorch Reverse Holo,,1,3000
ME5-011-N,Charcadet Normal,,1,3000
ME5-011-RH,Charcadet Reverse Holo,,1,3000
ME5-012-N,Armarouge Normal,,1,3000
ME5-012-RH,Armarouge Reverse Holo,,1,3000
ME5-013-N,Goldeen Normal,,1,3000
ME5-013-RH,Goldeen Reverse Holo,,1,3000
ME5-014-N,Seaking Normal,,1,3000
ME5-014-RH,Seaking Reverse Holo,,1,3000
ME5-015-N,Wailmer Normal,,1,3000
ME5-015-RH,Wailmer Reverse Holo,,1,3000
ME5-016-H,Wailord ex Holo,,1,3000
ME5-017-N,Relicanth Normal,,1,3000
ME5-017-RH,Relicanth Reverse Holo,,1,3000
ME5-018-N,Popplio Normal,,1,3000
ME5-018-RH,Popplio Reverse Holo,,1,3000
ME5-019-N,Brionne Normal,,1,3000
ME5-019-RH,Brionne Reverse Holo,,1,3000
ME5-020-N,Primarina Normal,,1,3000
ME5-020-RH,Primarina Reverse Holo,,1,3000
ME5-021-N,Finizen Normal,,1,3000
ME5-021-RH,Finizen Reverse Holo,,1,3000
ME5-022-N,Palafin Normal,,1,3000
ME5-022-RH,Palafin Reverse Holo,,1,3000
ME5-023-N,Electrike Normal,,1,3000
ME5-023-RH,Electrike Reverse Holo,,1,3000
ME5-024-N,Manectric Normal,,1,3000
ME5-024-RH,Manectric Reverse Holo,,1,3000
ME5-025-N,Charjabug Normal,,1,3000
ME5-025-RH,Charjabug Reverse Holo,,1,3000
ME5-026-N,Vikavolt Normal,,1,3000
ME5-026-RH,Vikavolt Reverse Holo,,1,3000
ME5-027-H,Mega Zeraora ex Holo,,1,3000
ME5-028-N,Miraidon Normal,,1,3000
ME5-028-RH,Miraidon Reverse Holo,,1,3000
ME5-029-N,Slowpoke Normal,,1,3000
ME5-029-RH,Slowpoke Reverse Holo,,1,3000
ME5-030-N,Slowbro Normal,,1,3000
ME5-030-RH,Slowbro Reverse Holo,,1,3000
ME5-031-H,Mega Slowbro ex Holo,,1,3000
ME5-032-N,Jynx Normal,,1,3000
ME5-032-RH,Jynx Reverse Holo,,1,3000
ME5-033-N,Shuppet Normal,,1,3000
ME5-033-RH,Shuppet Reverse Holo,,1,3000
ME5-034-N,Banette Normal,,1,3000
ME5-034-RH,Banette Reverse Holo,,1,3000
ME5-035-N,Spiritomb Normal,,1,3000
ME5-035-RH,Spiritomb Reverse Holo,,1,3000
ME5-036-N,Litwick Normal,,1,3000
ME5-036-RH,Litwick Reverse Holo,,1,3000
ME5-037-N,Lampent Normal,,1,3000
ME5-037-RH,Lampent Reverse Holo,,1,3000
ME5-038-H,Mega Chandelure ex Holo,,1,3000
ME5-039-N,Dhelmise Normal,,1,3000
ME5-039-RH,Dhelmise Reverse Holo,,1,3000
ME5-040-N,Marshadow Normal,,1,3000
ME5-040-RH,Marshadow Reverse Holo,,1,3000
ME5-041-N,Annihilape Normal,,1,3000
ME5-041-RH,Annihilape Reverse Holo,,1,3000
ME5-042-N,Mankey Normal,,1,3000
ME5-042-RH,Mankey Reverse Holo,,1,3000
ME5-043-N,Primeape Normal,,1,3000
ME5-043-RH,Primeape Reverse Holo,,1,3000
ME5-044-N,Cranidos Normal,,1,3000
ME5-044-RH,Cranidos Reverse Holo,,1,3000
ME5-045-H,Rampardos ex Holo,,1,3000
ME5-046-N,Drilbur Normal,,1,3000
ME5-046-RH,Drilbur Reverse Holo,,1,3000
ME5-047-N,Koraidon Normal,,1,3000
ME5-047-RH,Koraidon Reverse Holo,,1,3000
ME5-048-H,Mega Darkrai ex Holo,,1,3000
ME5-049-N,Vullaby Normal,,1,3000
ME5-049-RH,Vullaby Reverse Holo,,1,3000
ME5-050-N,Mandibuzz Normal,,1,3000
ME5-050-RH,Mandibuzz Reverse Holo,,1,3000
ME5-051-N,Inkay Normal,,1,3000
ME5-051-RH,Inkay Reverse Holo,,1,3000
ME5-052-N,Malamar Normal,,1,3000
ME5-052-RH,Malamar Reverse Holo,,1,3000
ME5-053-N,Nickit Normal,,1,3000
ME5-053-RH,Nickit Reverse Holo,,1,3000
ME5-054-N,Thievul Normal,,1,3000
ME5-054-RH,Thievul Reverse Holo,,1,3000
ME5-055-H,Morpeko ex Holo,,1,3000
ME5-056-N,Zarude Normal,,1,3000
ME5-056-RH,Zarude Reverse Holo,,1,3000
ME5-057-N,Maschiff Normal,,1,3000
ME5-057-RH,Maschiff Reverse Holo,,1,3000
ME5-058-N,Mabosstiff Normal,,1,3000
ME5-058-RH,Mabosstiff Reverse Holo,,1,3000
ME5-059-N,Chi-Yu Normal,,1,3000
ME5-059-RH,Chi-Yu Reverse Holo,,1,3000
ME5-060-N,Skarmory Normal,,1,3000
ME5-060-RH,Skarmory Reverse Holo,,1,3000
ME5-061-N,Shieldon Normal,,1,3000
ME5-061-RH,Shieldon Reverse Holo,,1,3000
ME5-062-N,Bastiodon Normal,,1,3000
ME5-062-RH,Bastiodon Reverse Holo,,1,3000
ME5-063-N,Bronzor Normal,,1,3000
ME5-063-RH,Bronzor Reverse Holo,,1,3000
ME5-064-N,Bronzong Normal,,1,3000
ME5-064-RH,Bronzong Reverse Holo,,1,3000
ME5-065-H,Mega Excadrill ex Holo,,1,3000
ME5-066-N,Pikipek Normal,,1,3000
ME5-066-RH,Pikipek Reverse Holo,,1,3000
ME5-067-N,Trumbeak Normal,,1,3000
ME5-067-RH,Trumbeak Reverse Holo,,1,3000
ME5-068-N,Toucannon Normal,,1,3000
ME5-068-RH,Toucannon Reverse Holo,,1,3000
ME5-069-N,Type: Null Normal,,1,3000
ME5-069-RH,Type: Null Reverse Holo,,1,3000
ME5-070-N,Silvally Normal,,1,3000
ME5-070-RH,Silvally Reverse Holo,,1,3000
ME5-071-N,Bombirdier Normal,,1,3000
ME5-071-RH,Bombirdier Reverse Holo,,1,3000
ME5-072-N,Antique Armor Fossil Normal,,1,3000
ME5-072-RH,Antique Armor Fossil Reverse Holo,,1,3000
ME5-073-N,Antique Skull Fossil Normal,,1,3000
ME5-073-RH,Antique Skull Fossil Reverse Holo,,1,3000
ME5-074-N,Backtrack Badge Normal,,1,3000
ME5-074-RH,Backtrack Badge Reverse Holo,,1,3000
ME5-075-N,Dark Bell Normal,,1,3000
ME5-075-RH,Dark Bell Reverse Holo,,1,3000
ME5-076-N,Fossil Quarry Normal,,1,3000
ME5-076-RH,Fossil Quarry Reverse Holo,,1,3000
ME5-077-N,Gladion's Final Battle Normal,,1,3000
ME5-077-RH,Gladion's Final Battle Reverse Holo,,1,3000
ME5-078-N,Gwynn Normal,,1,3000
ME5-078-RH,Gwynn Reverse Holo,,1,3000
ME5-079-N,Jett Normal,,1,3000
ME5-079-RH,Jett Reverse Holo,,1,3000
ME5-080-N,Misty's Vitality Normal,,1,3000
ME5-080-RH,Misty's Vitality Reverse Holo,,1,3000
ME5-081-N,Rust Syndicate Grunt Normal,,1,3000
ME5-081-RH,Rust Syndicate Grunt Reverse Holo,,1,3000
ME5-082-N,Tremendous Bomb Normal,,1,3000
ME5-082-RH,Tremendous Bomb Reverse Holo,,1,3000
ME5-083-N,Shadowy Darkness Energy Normal,,1,3000
ME5-083-RH,Shadowy Darkness Energy Reverse Holo,,1,3000
ME5-084-N,Voltaic Lightning Energy Normal,,1,3000
ME5-084-RH,Voltaic Lightning Energy Reverse Holo,,1,3000
ME5-085-H,Fomantis Holo,,1,3000
ME5-086-H,Armarouge Holo,,1,3000
ME5-087-H,Goldeen Holo,,1,3000
ME5-088-H,Primarina Holo,,1,3000
ME5-089-H,Manectric Holo,,1,3000
ME5-090-H,Slowbro Holo,,1,3000
ME5-091-H,Dhelmise Holo,,1,3000
ME5-092-H,Thievul Holo,,1,3000
ME5-093-H,Bastiodon Holo,,1,3000
ME5-094-H,Toucannon Holo,,1,3000
ME5-095-H,Silvally Holo,,1,3000
ME5-096-H,Lurantis ex Holo,,1,3000
ME5-097-H,Wailord ex Holo,,1,3000
ME5-098-H,Mega Zeraora ex Holo,,1,3000
ME5-099-H,Mega Chandelure ex Holo,,1,3000
ME5-100-H,Rampardos ex Holo,,1,3000
ME5-101-H,Mega Darkrai ex Holo,,1,3000
ME5-102-H,Morpeko ex Holo,,1,3000
ME5-103-H,Mega Excadrill ex Holo,,1,3000
ME5-104-H,Brave Bangle Holo,,1,3000
ME5-105-H,Crushing Hammer Holo,,1,3000
ME5-106-H,Dark Bell Holo,,1,3000
ME5-107-H,Energy Switch Holo,,1,3000
ME5-108-H,Gladion's Final Battle Holo,,1,3000
ME5-109-H,Gwynn Holo,,1,3000
ME5-110-H,Iron Defender Holo,,1,3000
ME5-111-H,Misty's Vitality Holo,,1,3000
ME5-112-H,Rust Syndicate Grunt Holo,,1,3000
ME5-113-H,Tremendous Bomb Holo,,1,3000
ME5-114-H,Mega Zeraora ex Holo,,1,3000
ME5-115-H,Mega Chandelure ex Holo,,1,3000
ME5-116-H,Mega Darkrai ex Holo,,1,3000
ME5-117-H,Morpeko ex Holo,,1,3000
ME5-118-H,Gladion's Final Battle Holo,,1,3000
ME5-119-H,Gwynn Holo,,1,3000
ME5-120-N,Mega Darkrai ex Normal,,1,3000
ME5-120-RH,Mega Darkrai ex Reverse Holo,,1,3000
